[
  {
    "inputs": [
      {
        "internalType": "address",
        "name": "_implementation",
        "type": "address"
      }
    ],
    "stateMutability": "nonpayable",
    "type": "constructor"
  },
  {
    "inputs": [
      {
        "internalType": "contract IERC721",
        "name": "_nftContract",
        "type": "address"
      },
      { "internalType": "uint256", "name": "_nftID", "type": "uint256" }
    ],
    "name": "deploy",
    "outputs": [],
    "stateMutability": "nonpayable",
    "type": "function"
  },
  {
    "inputs": [
      { "internalType": "address", "name": "_nftContract", "type": "address" },
      { "internalType": "uint256", "name": "_nftID", "type": "uint256" }
    ],
    "name": "getAddress",
    "outputs": [{ "internalType": "address", "name": "", "type": "address" }],
    "stateMutability": "view",
    "type": "function"
  },
  {
    "inputs": [],
    "name": "implementation",
    "outputs": [{ "internalType": "address", "name": "", "type": "address" }],
    "stateMutability": "view",
    "type": "function"
  }
]
